first_name,last_name,email,pronouns,year
Julia,Blake,julia.blake@fakeschool.org,she/her,1
Wendy,Arnold,wendy.arnold@fakeschool.org,he/him,1
Oliver,Morgan,oliver.morgan@fakeschool.org,he/him,1
Andrea,James,andrea.james@fakeschool.org,she/her,1
Kylie,Mackay,kylie.mackay@fakeschool.org,they/them,1
Peter,Hemmings,peter.hemmings@fakeschool.org,she/her,1
Adam,Gibson,adam.gibson@fakeschool.org,she/her,1
Amelia,Berry,amelia.berry@fakeschool.org,she/her,1
Ella,Rees,ella.rees@fakeschool.org,he/him,1
Luke,Roberts,luke.roberts@fakeschool.org,he/him,1
Owen,Bond,owen.bond@fakeschool.org,she/her,1
Stephanie,Knox,stephanie.knox@fakeschool.org,he/him,1
Madeleine,Langdon,madeleine.langdon@fakeschool.org,she/her,1
Sonia,Howard,sonia.howard@fakeschool.org,he/him,1
Thomas,Cameron,thomas.cameron@fakeschool.org,he/him,1
Bernadette,Wright,bernadette.wright@fakeschool.org,she/her,1
John,Mackay,john.mackay@fakeschool.org,he/him,1
Piers,Lee,piers.lee@fakeschool.org,he/him,1
Robert,Avery,robert.avery@fakeschool.org,he/him,1
James,Chapman,james.chapman@fakeschool.org,they/them,1
Ruth,Lyman,ruth.lyman@fakeschool.org,she/her,1
David,Hardacre,david.hardacre@fakeschool.org,he/him,1
Chloe,Morgan,chloe.morgan@fakeschool.org,he/him,1
James,Parsons,james.parsons@fakeschool.org,she/her,1
Dorothy,James,dorothy.james@fakeschool.org,they/them,1
Rose,Sutherland,rose.sutherland@fakeschool.org,she/her,1
Boris,McDonald,boris.mcdonald@fakeschool.org,she/her,1
Joshua,Brown,joshua.brown@fakeschool.org,she/her,1
Owen,Mathis,owen.mathis@fakeschool.org,he/him,1
Gavin,Wallace,gavin.wallace@fakeschool.org,he/him,1
Luke,Morgan,luke.morgan@fakeschool.org,she/her,1
Julian,King,julian.king@fakeschool.org,he/him,1
Lily,Oliver,lily.oliver@fakeschool.org,she/her,1
Dylan,McDonald,dylan.mcdonald@fakeschool.org,he/him,1
Yvonne,Piper,yvonne.piper@fakeschool.org,he/him,1
Thomas,Dickens,thomas.dickens@fakeschool.org,she/her,1
Keith,James,keith.james@fakeschool.org,he/him,1
John,Metcalfe,john.metcalfe@fakeschool.org,he/him,1
Vanessa,Piper,vanessa.piper@fakeschool.org,he/him,1
Tim,Morrison,tim.morrison@fakeschool.org,they/them,1
Nathan,Alsop,nathan.alsop@fakeschool.org,she/her,1
Sally,Martin,sally.martin@fakeschool.org,he/him,1
Gavin,Alsop,gavin.alsop@fakeschool.org,he/him,1
Diana,Bond,diana.bond@fakeschool.org,she/her,1
Jessica,Davidson,jessica.davidson@fakeschool.org,they/them,1
Nathan,Randall,nathan.randall@fakeschool.org,she/her,1
Carol,Pullman,carol.pullman@fakeschool.org,she/her,1
Matt,Alsop,matt.alsop@fakeschool.org,she/her,1
Karen,Greene,karen.greene@fakeschool.org,he/him,1
Carol,Peake,carol.peake@fakeschool.org,he/him,1
Frank,Walker,frank.walker@fakeschool.org,she/her,1
Deirdre,Parr,deirdre.parr@fakeschool.org,he/him,1
Brandon,Short,brandon.short@fakeschool.org,she/her,1
Warren,Morgan,warren.morgan@fakeschool.org,he/him,1
Felicity,Cornish,felicity.cornish@fakeschool.org,he/him,1
Keith,MacLeod,keith.macleod@fakeschool.org,she/her,1
Gordon,Welch,gordon.welch@fakeschool.org,he/him,1
Alan,Hardacre,alan.hardacre@fakeschool.org,he/him,1
Molly,Hudson,molly.hudson@fakeschool.org,he/him,1
Gavin,Newman,gavin.newman@fakeschool.org,they/them,1
Connor,Mitchell,connor.mitchell@fakeschool.org,she/her,1
Abigail,Kelly,abigail.kelly@fakeschool.org,he/him,1
Sonia,Rees,sonia.rees@fakeschool.org,he/him,1
Audrey,Lewis,audrey.lewis@fakeschool.org,she/her,1
Diana,Langdon,diana.langdon@fakeschool.org,they/them,1
Grace,Miller,grace.miller@fakeschool.org,she/her,1
Dorothy,Edmunds,dorothy.edmunds@fakeschool.org,she/her,1
Emma,Tucker,emma.tucker@fakeschool.org,she/her,1
Alexandra,Miller,alexandra.miller@fakeschool.org,he/him,1
Joan,Chapman,joan.chapman@fakeschool.org,he/him,1
Una,Taylor,una.taylor@fakeschool.org,she/her,1
Maria,Gray,maria.gray@fakeschool.org,he/him,1
Irene,Thomson,irene.thomson@fakeschool.org,she/her,1
Adrian,Bailey,adrian.bailey@fakeschool.org,he/him,1
Luke,Sanderson,luke.sanderson@fakeschool.org,he/him,1
Joan,Davidson,joan.davidson@fakeschool.org,she/her,2
Molly,Duncan,molly.duncan@fakeschool.org,he/him,2
Molly,Skinner,molly.skinner@fakeschool.org,he/him,2
Claire,Churchill,claire.churchill@fakeschool.org,he/him,2
Stephen,Sutherland,stephen.sutherland@fakeschool.org,they/them,2
Wanda,Hunter,wanda.hunter@fakeschool.org,she/her,2
Blake,Chapman,blake.chapman@fakeschool.org,he/him,2
Isaac,Ince,isaac.ince@fakeschool.org,he/him,2
Jake,Lawrence,jake.lawrence@fakeschool.org,she/her,2
Zoe,Quinn,zoe.quinn@fakeschool.org,they/them,2
Zoe,Dickens,zoe.dickens@fakeschool.org,she/her,2
Dylan,Turner,dylan.turner@fakeschool.org,she/her,2
Max,Butler,max.butler@fakeschool.org,she/her,2
Carl,Payne,carl.payne@fakeschool.org,he/him,2
Lisa,Rampling,lisa.rampling@fakeschool.org,he/him,2
Una,Powell,una.powell@fakeschool.org,she/her,2
Joan,Lewis,joan.lewis@fakeschool.org,he/him,2
Nicholas,Quinn,nicholas.quinn@fakeschool.org,she/her,2
Gabrielle,Brown,gabrielle.brown@fakeschool.org,he/him,2
Angela,Ogden,angela.ogden@fakeschool.org,he/him,2
Boris,Lawrence,boris.lawrence@fakeschool.org,she/her,2
Cameron,Mitchell,cameron.mitchell@fakeschool.org,he/him,2
Robert,McGrath,robert.mcgrath@fakeschool.org,he/him,2
Leonard,Lewis,leonard.lewis@fakeschool.org,he/him,2
Angela,Dyer,angela.dyer@fakeschool.org,they/them,2
Blake,Nash,blake.nash@fakeschool.org,she/her,2
Richard,Anderson,richard.anderson@fakeschool.org,he/him,2
Jacob,Murray,jacob.murray@fakeschool.org,he/him,2
Jake,Howard,jake.howard@fakeschool.org,she/her,2
Connor,MacDonald,connor.macdonald@fakeschool.org,they/them,2
Sebastian,Rampling,sebastian.rampling@fakeschool.org,she/her,2
Katherine,Sanderson,katherine.sanderson@fakeschool.org,she/her,2
Brandon,Hemmings,brandon.hemmings@fakeschool.org,she/her,2
Leonard,Roberts,leonard.roberts@fakeschool.org,he/him,2
Deirdre,Rees,deirdre.rees@fakeschool.org,he/him,2
Rose,Howard,rose.howard@fakeschool.org,she/her,2
Sean,MacDonald,sean.macdonald@fakeschool.org,he/him,2
Ella,Payne,ella.payne@fakeschool.org,she/her,2
Piers,Martin,piers.martin@fakeschool.org,he/him,2
Diane,Murray,diane.murray@fakeschool.org,he/him,2
Samantha,Peters,samantha.peters@fakeschool.org,she/her,2
Angela,Duncan,angela.duncan@fakeschool.org,he/him,2
Lucas,Terry,lucas.terry@fakeschool.org,he/him,2
Natalie,Mackay,natalie.mackay@fakeschool.org,he/him,2
Neil,Terry,neil.terry@fakeschool.org,they/them,2
Liam,Dowd,liam.dowd@fakeschool.org,she/her,2
Trevor,Poole,trevor.poole@fakeschool.org,he/him,2
Grace,Skinner,grace.skinner@fakeschool.org,he/him,2
Leah,MacDonald,leah.macdonald@fakeschool.org,she/her,2
Thomas,Howard,thomas.howard@fakeschool.org,they/them,2
Audrey,Ellison,audrey.ellison@fakeschool.org,she/her,2
Lisa,James,lisa.james@fakeschool.org,she/her,2
Bernadette,Butler,bernadette.butler@fakeschool.org,she/her,2
William,Robertson,william.robertson@fakeschool.org,he/him,2
Ryan,Coleman,ryan.coleman@fakeschool.org,he/him,2
Theresa,Nash,theresa.nash@fakeschool.org,she/her,2
Brandon,Harris,brandon.harris@fakeschool.org,he/him,2
Cameron,Peters,cameron.peters@fakeschool.org,she/her,2
Rebecca,Grant,rebecca.grant@fakeschool.org,he/him,2
Alison,Kelly,alison.kelly@fakeschool.org,he/him,2
Vanessa,Rutherford,vanessa.rutherford@fakeschool.org,she/her,2
Ava,Oliver,ava.oliver@fakeschool.org,he/him,2
Fiona,Bond,fiona.bond@fakeschool.org,he/him,2
Matt,MacLeod,matt.macleod@fakeschool.org,he/him,2
Kimberly,Parsons,kimberly.parsons@fakeschool.org,they/them,2
William,Paige,william.paige@fakeschool.org,she/her,2
Richard,Sanderson,richard.sanderson@fakeschool.org,he/him,2
Wendy,Poole,wendy.poole@fakeschool.org,he/him,2
Phil,Clarkson,phil.clarkson@fakeschool.org,she/her,2
Lily,Simpson,lily.simpson@fakeschool.org,they/them,2
Jacob,Oliver,jacob.oliver@fakeschool.org,she/her,2
Penelope,Paige,penelope.paige@fakeschool.org,she/her,2
Megan,James,megan.james@fakeschool.org,she/her,2
Connor,Campbell,connor.campbell@fakeschool.org,he/him,2
Carl,Gray,carl.gray@fakeschool.org,he/him,2
John,Randall,john.randall@fakeschool.org,she/her,3
Andrew,Mitchell,andrew.mitchell@fakeschool.org,he/him,3
Grace,Lawrence,grace.lawrence@fakeschool.org,she/her,3
Jack,Mitchell,jack.mitchell@fakeschool.org,he/him,3
Adrian,Gill,adrian.gill@fakeschool.org,he/him,3
Molly,Gray,molly.gray@fakeschool.org,she/her,3
Simon,Watson,simon.watson@fakeschool.org,he/him,3
Abigail,McDonald,abigail.mcdonald@fakeschool.org,he/him,3
Ava,Smith,ava.smith@fakeschool.org,he/him,3
Deirdre,Butler,deirdre.butler@fakeschool.org,they/them,3
Emily,Lambert,emily.lambert@fakeschool.org,she/her,3
Liam,Newman,liam.newman@fakeschool.org,he/him,3
Lucas,Campbell,lucas.campbell@fakeschool.org,he/him,3
Neil,Mackay,neil.mackay@fakeschool.org,she/her,3
Julian,Jones,julian.jones@fakeschool.org,they/them,3
Caroline,Cameron,caroline.cameron@fakeschool.org,she/her,3
Joanne,Paige,joanne.paige@fakeschool.org,she/her,3
Donna,Tucker,donna.tucker@fakeschool.org,she/her,3
Megan,Taylor,megan.taylor@fakeschool.org,he/him,3
Ruth,Allan,ruth.allan@fakeschool.org,he/him,3
Jake,Burgess,jake.burgess@fakeschool.org,she/her,3
Alexandra,Berry,alexandra.berry@fakeschool.org,he/him,3
Zoe,Robertson,zoe.robertson@fakeschool.org,she/her,3
Oliver,Simpson,oliver.simpson@fakeschool.org,he/him,3
Mary,Ogden,mary.ogden@fakeschool.org,he/him,3
Donna,Pullman,donna.pullman@fakeschool.org,she/her,3
Kylie,MacLeod,kylie.macleod@fakeschool.org,he/him,3
Michael,Young,michael.young@fakeschool.org,he/him,3
Matt,Oliver,matt.oliver@fakeschool.org,he/him,3
Sam,Jones,sam.jones@fakeschool.org,they/them,3
Leonard,Pullman,leonard.pullman@fakeschool.org,she/her,3
Heather,Ferguson,heather.ferguson@fakeschool.org,he/him,3
Molly,Murray,molly.murray@fakeschool.org,he/him,3
Stephen,McGrath,stephen.mcgrath@fakeschool.org,she/her,3
Joseph,Hill,joseph.hill@fakeschool.org,they/them,3
Jacob,Hodges,jacob.hodges@fakeschool.org,she/her,3
Brian,Grant,brian.grant@fakeschool.org,she/her,3
Nathan,Tucker,nathan.tucker@fakeschool.org,she/her,3
Thomas,Vaughan,thomas.vaughan@fakeschool.org,he/him,3
Carol,Dowd,carol.dowd@fakeschool.org,he/him,3
Donna,Cornish,donna.cornish@fakeschool.org,she/her,3
Stephen,Abraham,stephen.abraham@fakeschool.org,he/him,3
Abigail,Brown,abigail.brown@fakeschool.org,she/her,3
Carl,Turner,carl.turner@fakeschool.org,he/him,3
Brandon,Cameron,brandon.cameron@fakeschool.org,he/him,3
Steven,Duncan,steven.duncan@fakeschool.org,she/her,3
Brian,Lee,brian.lee@fakeschool.org,he/him,3
Molly,Henderson,molly.henderson@fakeschool.org,he/him,3
Yvonne,Gray,yvonne.gray@fakeschool.org,he/him,3
Leonard,Rampling,leonard.rampling@fakeschool.org,they/them,3
Piers,North,piers.north@fakeschool.org,she/her,3
Joe,Walker,joe.walker@fakeschool.org,he/him,3
Leah,Hemmings,leah.hemmings@fakeschool.org,he/him,3
Carl,Wright,carl.wright@fakeschool.org,she/her,3
Keith,King,keith.king@fakeschool.org,they/them,3
Samantha,Martin,samantha.martin@fakeschool.org,she/her,3
Alexandra,Reid,alexandra.reid@fakeschool.org,she/her,3
Ian,Clarkson,ian.clarkson@fakeschool.org,she/her,3
Leonard,Metcalfe,leonard.metcalfe@fakeschool.org,he/him,3
Simon,Reid,simon.reid@fakeschool.org,he/him,3
Nathan,Paterson,nathan.paterson@fakeschool.org,she/her,3
Wendy,Dickens,wendy.dickens@fakeschool.org,he/him,3
Cameron,Hemmings,cameron.hemmings@fakeschool.org,she/her,3
Bella,Jones,bella.jones@fakeschool.org,he/him,3
Katherine,Paterson,katherine.paterson@fakeschool.org,he/him,3
David,Robertson,david.robertson@fakeschool.org,she/her,3
Karen,Piper,karen.piper@fakeschool.org,he/him,3
Gavin,Fisher,gavin.fisher@fakeschool.org,he/him,3
Jennifer,Allan,jennifer.allan@fakeschool.org,he/him,3
Bernadette,Randall,bernadette.randall@fakeschool.org,they/them,3
Alison,Newman,alison.newman@fakeschool.org,she/her,3
Jan,Turner,jan.turner@fakeschool.org,he/him,3
Carolyn,Wright,carolyn.wright@fakeschool.org,he/him,3
David,Pullman,david.pullman@fakeschool.org,she/her,3
Katherine,May,katherine.may@fakeschool.org,they/them,3
Sam,Edmunds,sam.edmunds@fakeschool.org,she/her,4
Brian,Piper,brian.piper@fakeschool.org,she/her,4
Gabrielle,Vaughan,gabrielle.vaughan@fakeschool.org,she/her,4
Stewart,Edmunds,stewart.edmunds@fakeschool.org,he/him,4
Brandon,Parr,brandon.parr@fakeschool.org,he/him,4
Oliver,Walsh,oliver.walsh@fakeschool.org,she/her,4
Alison,Gray,alison.gray@fakeschool.org,he/him,4
Abigail,Russell,abigail.russell@fakeschool.org,she/her,4
Owen,Blake,owen.blake@fakeschool.org,he/him,4
Rachel,Gray,rachel.gray@fakeschool.org,he/him,4
Leonard,Thomson,leonard.thomson@fakeschool.org,she/her,4
Molly,Alsop,molly.alsop@fakeschool.org,he/him,4
Trevor,Oliver,trevor.oliver@fakeschool.org,he/him,4
Eric,Oliver,eric.oliver@fakeschool.org,he/him,4
Dominic,Kerr,dominic.kerr@fakeschool.org,they/them,4
Deirdre,Stewart,deirdre.stewart@fakeschool.org,she/her,4
Gordon,Davies,gordon.davies@fakeschool.org,he/him,4
Lily,Slater,lily.slater@fakeschool.org,he/him,4
Mary,Duncan,mary.duncan@fakeschool.org,she/her,4
Stephen,Hamilton,stephen.hamilton@fakeschool.org,they/them,4
Donna,McLean,donna.mclean@fakeschool.org,she/her,4
Claire,Mathis,claire.mathis@fakeschool.org,she/her,4
Elizabeth,Davidson,elizabeth.davidson@fakeschool.org,she/her,4
Ryan,Hudson,ryan.hudson@fakeschool.org,he/him,4
Joshua,Langdon,joshua.langdon@fakeschool.org,he/him,4
Molly,Lyman,molly.lyman@fakeschool.org,she/her,4
Michelle,Hart,michelle.hart@fakeschool.org,he/him,4
Cameron,Jackson,cameron.jackson@fakeschool.org,she/her,4
Mary,Howard,mary.howard@fakeschool.org,he/him,4
Carol,Springer,carol.springer@fakeschool.org,he/him,4
Jane,Gill,jane.gill@fakeschool.org,she/her,4
Gordon,Nolan,gordon.nolan@fakeschool.org,he/him,4
Warren,Scott,warren.scott@fakeschool.org,he/him,4
Harry,White,harry.white@fakeschool.org,he/him,4
Max,Burgess,max.burgess@fakeschool.org,they/them,4
Sarah,Alsop,sarah.alsop@fakeschool.org,she/her,4
Grace,Scott,grace.scott@fakeschool.org,he/him,4
Vanessa,Cornish,vanessa.cornish@fakeschool.org,he/him,4
Melanie,May,melanie.may@fakeschool.org,she/her,4
Rebecca,Cornish,rebecca.cornish@fakeschool.org,they/them,4
Stewart,Parr,stewart.parr@fakeschool.org,she/her,4
Oliver,Bond,oliver.bond@fakeschool.org,she/her,4
Simon,Gibson,simon.gibson@fakeschool.org,she/her,4
Faith,Simpson,faith.simpson@fakeschool.org,he/him,4
Wendy,Tucker,wendy.tucker@fakeschool.org,he/him,4
Rachel,Vance,rachel.vance@fakeschool.org,she/her,4
Adam,Mackay,adam.mackay@fakeschool.org,he/him,4
Theresa,Edmunds,theresa.edmunds@fakeschool.org,she/her,4
Joanne,Lyman,joanne.lyman@fakeschool.org,he/him,4
Austin,Edmunds,austin.edmunds@fakeschool.org,he/him,4
Jennifer,Walker,jennifer.walker@fakeschool.org,she/her,4
Penelope,Young,penelope.young@fakeschool.org,he/him,4
Lily,Hunter,lily.hunter@fakeschool.org,he/him,4
William,Sanderson,william.sanderson@fakeschool.org,he/him,4
Amelia,Reid,amelia.reid@fakeschool.org,they/them,4
Stewart,Davies,stewart.davies@fakeschool.org,she/her,4
Eric,Edmunds,eric.edmunds@fakeschool.org,he/him,4
Justin,Smith,justin.smith@fakeschool.org,he/him,4
Stephanie,Butler,stephanie.butler@fakeschool.org,she/her,4
Edward,Mitchell,edward.mitchell@fakeschool.org,they/them,4
Max,Hardacre,max.hardacre@fakeschool.org,she/her,4
Hannah,Jackson,hannah.jackson@fakeschool.org,she/her,4
John,Morrison,john.morrison@fakeschool.org,she/her,4
Wendy,Edmunds,wendy.edmunds@fakeschool.org,he/him,4
Thomas,Sutherland,thomas.sutherland@fakeschool.org,he/him,4
Julian,Abraham,julian.abraham@fakeschool.org,she/her,4
Grace,Ellison,grace.ellison@fakeschool.org,he/him,4
Sebastian,Coleman,sebastian.coleman@fakeschool.org,she/her,4
David,MacDonald,david.macdonald@fakeschool.org,he/him,4
Robert,Morgan,robert.morgan@fakeschool.org,he/him,4
Kevin,Lambert,kevin.lambert@fakeschool.org,she/her,4
Justin,North,justin.north@fakeschool.org,he/him,4
Harry,Vance,harry.vance@fakeschool.org,he/him,4
Carl,Russell,carl.russell@fakeschool.org,he/him,4
Liam,Metcalfe,liam.metcalfe@fakeschool.org,they/them,4